Spanish,English
que,that
de,of
no,No
a,to
la,the
el,he
es,is
y,and
en,in
lo,it
un,a
por,by
qué,that
me,I
una,a
te,tea
los,the
se,HE
con,with
para,for
mi,my
está,this
si,Yeah
bien,good
pero,but
yo,I
eso,that
las,the
sí,Yeah
su,his
tu,you
aquí,here
del,of the
al,to the
como,as
le,you
más,further
esto,this
ya,already
todo,all
esta,this
vamos,come on
muy,very
hay,there is
ahora,now
algo,something
estoy,I'm
tengo,I have
nos,us
tú,you
nada,nothing
cuando,when
ha,ha
este,this
sé,HE
estás,are
así,So
puedo,I can
cómo,as
quiero,wanna
sólo,only
soy,am
tiene,has
gracias,thank you
o,either
él,he
bueno,Well
fue,was
ser,be
hacer,do
son,are
todos,all
era,was
eres,are
vez,time
tienes,have
creo,believe
ella,she
he,He
ese,that
voy,go
puede,can
sabes,You know
hola,hello
sus,their
porque,because
dios,God
quién,who
nunca,never
dónde,where
quieres,want
casa,home
favor,favor
esa,that
dos,two
tan,so
señor,Sir
tiempo,time
verdad,TRUE
estaba,was
mejor,better
están,are
va,goes
hombre,man
usted,you
mucho,a lot
hace,does
entonces,so
siento,I feel
tenemos,have
puedes,can
ahí,there
ti,you
vida,life
ver,see
alguien,someone
sr,Mr
hasta,until
sin,without
mí,my
solo,only
años,years
sobre,about
decir,say
uno,one
siempre,always
oh,Oh
ir,go
cosas,things
también,also
antes,before
has,you have
ni,neither
mis,my
día,day
estar,be
estamos,we are
noche,evening
nadie,nobody
otra,other
quiere,wants
parece,seems
nosotros,us
poco,bit
padre,father
trabajo,job
gente,people
mira,look
vas,you go
sea,be
les,them
donde,where
mismo,same
hecho,made
ellos,they
dijo,said
pasa,happens
dinero,money
hijo,son
tal,such
otro,other
hablar,talk
seguro,sure
claro,clear
estas,are
lugar,place
mundo,world
amigo,friend
espera,wait
mierda,shit
han,they have
tus,your
sabe,knows
después,after
momento,moment
desde,from
fuera,out
cosa,stuff
tipo,guy
mañana,tomorrow
podemos,can
dije,said
gran,great
necesito,need
estado,state
podría,could
acuerdo,agreement
papá,dad
tener,have
dice,says
mío,mine
crees,You believe
buena,good
gusta,like
nuestro,our
nuevo,new
será,be
haciendo,doing
días,days
nombre,name
buen,good
había,there was
ven,come
tres,three
menos,less
debe,has to
tenía,had
mal,evil
conmigo,with me
madre,mother
hoy,today
quien,who
sido,been
mamá,mother
tienen,have
luego,then
todas,all
allí,over there
toda,all
hora,hour
mujer,women
visto,seen
haces,you do
importa,It matters
contigo,with you
ve,go
tarde,late
oye,hey
parte,part
haber,to have
hombres,men
problema,problem
mas,further
saber,know
quería,wanted to
aún,still
veces,times
nuestra,our
hacerlo,do it
cada,each
hizo,did
veo,I see
tanto,so much
razón,reason
ustedes,you
idea,idea
esos,those
van,go
quizá,Maybe
debo,I must
alguna,some
cierto,TRUE
ud,You
muerto,dead
unos,some
estos,these
salir,go out
policía,police
realmente,really
demasiado,too much
familia,family
pueden,they can
cabeza,head
hemos,we have
amigos,friends
chica,girl
cariño,dear
lado,side
allá,there
entre,between
minutos,minutes
digo,say
algún,some
serio,Serious
cuidado,careful
pasó,passed
buenas,hello good
somos,are
amor,love
puerta,door
ves,you see
vaya,Oh
ah,Ah
suerte,luck
eh,Hey
rápido,fast
cuenta,account
quizás,maybe
io,Io
esas,those
pues,well
pasado,past
pensé,I thought
todavía,still
hermano,brother
debes,you must
casi,almost
forma,shape
aqui,here
chico,boy
ok,okay
dicho,saying
nueva,new
sabía,knew
muchas,many
dentro,inside
hice,I did
contra,against
auto,car
camino,path
ayuda,aid
primera,first
hacia,toward
vi,saw
miedo,fear
adiós,bye
primero,first
debería,ought
poder,can
niños,children
sería,I would be
historia,history
hey,Hey
mientras,while
ciudad,city
dijiste,said
espero,wait
cuánto,how much
esposa,wife
pronto,soon
chicos,guys
cualquier,any
viejo,old
debemos,must
deja,leaves
año,year
muerte,death
hablando,talking
manos,hands
da,gives
loco,crazy
problemas,issues
mano,hand
guerra,war
semana,week
pasar,pass
vale,OK
cuál,which
viene,comes
volver,return
toma,take
caso,case
agua,water
haré,I will do
vete,go away
entiendo,I understand
horas,hours
personas,people
capitán,captain
adelante,forward
niño,child
listo,ready
noches,nights
buenos,good
iba,I was going
juntos,together
dame,give to me
único,only
déjame,let me
cerca,near
otros,others
sigue,go on
grande,big
arriba,above
jefe,boss
habla,speaks
supongo,i guess
manera,manner
quieren,They want
feliz,happy
significa,means
sangre,blood
fin,end
bajo,low
llama,calls
venir,come
morir,die
importante,important
hiciste,did
ojos,eyes
escucha,listen
entrar,get in
ningún,none
corazón,heart
diablos,Devils
necesitamos,need
atrás,back
durante,during
dices,You say
nuestros,our
persona,person
abajo,below
dr,Dr.
hija,daughter
dejar,leave
necesita,needs
llegar,arrive
hago,do
señora,lady
haya,is
suficiente,enough
doctor,doctor
gustaría,would like
tierra,land
cara,expensive
siquiera,even
genial,brilliant
cree,Believe
supuesto,supposed
tomar,take
equipo,equipment
justo,fair
juego,game
ninguna,none
matar,kill
cinco,five
dicen,They say
amo,love
cuándo,when
pequeño,little
algunos,some
conozco,know
clase,class
maldito,damned
unas,nails
muchos,many
hubiera,had
segundo,second
aunque,although
pueda,I can
dime,tell me
igual,equal
comida,meal
ay,Oh
cuerpo,body
encontrar,find
fuerte,strong
vuelta,lap
venga,come on
creer,believe
realidad,reality
saben,They know
puta,bitch
deberías,you should
pregunta,ask
fui,I was
cuatro,four
sra,mrs
primer,first
trabajar,work
e,and
hagas,you do
alto,high
maldita,damned
comer,eat
número,number
dar,give
necesitas,you need
john,John
oportunidad,chance
punto,spot
misma,same
última,last
afuera,outside
mujeres,women
pensar,think
fueron,were
difícil,difficult
vivir,live
paso,passed
malo,bad
estabas,You were
vivo,alive
haga,make
queda,is left over
hijos,children
mayor,elderly
fiesta,party
hacen,do
medio,half
algunas,some
basta,Enough
ei,EI
arma,weapon
vino,came
meses,months
cuarto,room
éste,this
escuela,school
esté,this
dólares,Dollars
tío,uncle
posible,possible
tuve,I had
fácil,easy
preocupes,worry
jack,Jack
luz,light
eran,were
carajo,fuck
final,final
lista,list
trata,treats
armas,weapons
hermana,sister
exactamente,exactly
chicas,girls
podía,could
bastante,quite
seguridad,security
pasando,going
esperando,expecting
acá,here
teléfono,phone
perro,dog
fuego,fire
murió,died
tampoco,neither
sola,alone
estuvo,was
verte,to see you
iré,I will go
tenido,had
culpa,blame
veras,you will see
adónde,where to
buscando,searching
cuanto,how much
padres,parents
paz,peace
demonios,demons
estará,will be
cual,which
perdón,sorry
asi,So
jugar,play
pensando,thinking
esperar,wait
sabemos,we know
recuerdo,memory
par,pair
joven,young
seguir,continue
pueblo,town
tenga,have
caballeros,gentlemen
idiota,moron
dio,gave
minuto,minute
bebé,baby
única,only
lejos,far
nuestras,ours
plan,plan
pienso,I think
sentido,sense
dormir,sleep
digas,you say
palabra,word
correcto,correct
control,control
vemos,we see
entiendes,you understand
país,country
seis,six
último,last
ésta,this
diga,Say
podrías,could you
pequeña,small
cállate,be quiet
trato,deal
rey,king
sucede,happens
sam,Sam
muchachos,boys
jamás,never
cama,bed
srta,Ms
ayudar,help
acerca,about
di,gave
cambio,change
falta,lack
hospital,hospital
lleva,carry
presidente,president
mil,thousand
gusto,taste
conoces,you know
diciendo,saying
os,you
ido,gone
general,general
extraño,strange
semanas,weeks
coche,car
peor,worse
mucha,a lot
disculpe,excuse me
diré,I will say
anoche,last night
perder,lose
vámonos,let's go
nave,ship
cielo,darling
habrá,there will be
orden,order
segura,safe
querida,Dear
niña,little girl
michael,Michael
increíble,incredible
además,besides
deben,They must
libro,book
calle,street
café,coffee
piensas,You think
hacemos,we make
especial,special
queremos,we want
ia,ia
clark,Clark
irme,Go
perfecto,perfect
buscar,look for
odio,hate
piensa,think
oficina,office
hablas,speak
libre,free
agente,agent
york,York
llamar,call
mala,bad
detrás,behind
viste,dresses
dile,tell him
grandes,big
recuerdas,remember
real,real
estaban,were
mía,mine
frente,forehead
perdido,lost
llamo,called
muertos,dead
millones,millions
asesino,killer
sueño,dream
quisiera,I'd like
habría,there would be
hará,will do
viaje,journey
probablemente,probably
peter,Peter
resto,rest
estaré,I will be
maldición,curse
lamento,lament
muchacho,young guy
avión,plane
ropa,clothes
fuerza,force
llamado,called
oído,ear
frank,Frank
dado,given
encima,on
negro,black
usar,wear
información,information
uds,You
preguntas,questions
tuvo,had
secreto,secret
vuelve,comes back
miren,Look
quieras,You want
haría,would do
acaba,just
otras,others
incluso,even
sientes,you feel
deberíamos,we should
haz,beam
decirte,tell you
boca,mouth
dolor,pain
baño,bathroom
adentro,inside
profesor,teacher
habitación,room
daño,damage
tuyo,yours
seas,You are
noticias,news
demás,the rest
querido,darling
duro,hard
poner,put
prueba,proof
mire,Look
tonto,silly
campo,field
siendo,being
diez,ten
ése,that
tranquilo,don't worry
asunto,affair
acabó,just
quédate,stay
derecho,right
placer,pleasure
recuerda,remember
estuve,I have been
tratando,treating
ejército,army
futuro,future
llevar,carry
compañía,company
venido,I come
listos,Ready
haremos,will
sitio,place
verlo,see him
puesto,position
atención,attention
sino,but
cambiar,change
error,mistake
blanco,white
raro,queer
palabras,words
llegó,arrive
sal,salt
pase,happens
mente,mind
sistema,system
película,movie
anda,walk
ello,it
negocio,business
novia,bride
permiso,permission
creí,I believed
suena,sounds
ocurre,occurs
oficial,official
espere,wait
aire,air
george,George
mató,killed
harry,Harry
regresar,go back
vio,saw
hazlo,do it
trasero,rear
grupo,cluster
entendido,understood
señorita,Miss
música,music
perra,bitch
conoce,known
empezar,begin
siente,Feel
acabo,just
estúpido,idiot
diferente,different
traje,suit
modo,mode
james,James
encontré,I found
mensaje,message
llamada,call
navidad,Christmas
eras,ages
pena,grief
largo,long
entra,enters
piso,floor
foto,photo
dijeron,They said
médico,doctor
accidente,accident
fuiste,you were
imposible,impossible
podríamos,we could
línea,line
propia,own
barco,ship
ganar,gain
normal,normal
segundos,seconds
vive,lives
mitad,half
quiera,want
tras,after
decirle,Tell him
lindo,nice
funciona,works
programa,program
vine,came
abre,opens
sean,Sean
pagar,pay
fotos,photos
centro,center
supone,It supposes
basura,trash
situación,situation
mejores,top
vienen,they come
encanta,loves
marido,husband
personal,staff
maestro,teacher
hambre,hunger
ataque,stroke
culo,ass
dale,Go ahead
pie,foot
conseguir,get
trabajando,working
gracioso,funny
dejó,let
pudo,could
derecha,right
izquierda,left
próxima,next
pobre,poor
respuesta,answer
tipos,guys
sentir,feel
tenías,You had
pude,could
darle,give him
voz,voice
amiga,friend
gustan,like
vista,view
salvo,except
loca,crazy
hotel,hotel
hicieron,they made
ten,Ten
temo,I fear
señal,sign
pelo,hair
llevo,he took
ayer,yesterday
das,you give
nena,chick
servicio,service
tren,train
tom,Tom
bonito,pretty
mes,month
tendrá,will have
tendrás,you will have
edad,age
ellas,they
hermosa,beautiful
ben,Ben
honor,honor
simplemente,simply
llamas,calls
tengas,Have
corre,runs
baja,low
sol,sun
siéntate,Sit down
dan,give
humano,human
divertido,fun
sexo,sex
vuelto,turned
peligro,danger
mesa,table
jimmy,Jimmy
siguiente,following
hablo,speak
disculpa,sorry
decirme,Tell me
joe,Joe
caja,box
negocios,business
misión,mission
silencio,silence
sale,comes out
llegado,arrived
estaría,It would
regreso,return
media,half
estan,are
propio,own
charlie,Charlie
oro,gold
enseguida,right away
linda,beautiful
prometo,I promise
esposo,husband
norte,north
hubo,was
juro,I swear
muerta,dead
interesante,interesting
pensaba,thought
busca,seeks
terminar,finish
tendré,I will have
completamente,completely
cita,appointment
siete,seven
cumpleaños,birthday
abogado,lawyer
alrededor,around
cerebro,brain
porqué,because
llave,key
santo,holy
hermoso,beautiful
necesario,necessary
edificio,building
irnos,Go
aun,still
tendremos,we will have
vayas,go
doy,give
trae,Bring
salió,he left
ley,law
ahi,there
verdadero,TRUE
pelea,fight
banco,bank
terrible,terrible
calma,calm
cena,dinner
daré,I will give
gobierno,government
comprar,buy
creen,They believe
sargento,sergeant
destino,destination
bob,Bob
existe,exists
hacía,toward
novio,boyfriend
sala,hall
través,through
regalo,gift
iglesia,church
decía,He said
cualquiera,any
excelente,excellent
esperen,Wait
deseo,desire
alma,soul
diablo,Devil
deje,leave
cuántos,how many
espada,sword
estábamos,We were
carne,meat
maravilloso,marvelous
vidas,lives
sucedió,happened
oí,I heard
peligroso,dangerous
dirección,address
libertad,freedom
jesús,Jesus
ocurrió,occurred
veré,I will see
sueños,dreams
pudiera,could
detective,detective
sorpresa,surprise
tuya,yours
pies,feet
club,club
terminado,finished
infierno,hell
creía,I believed
luna,moon
salvar,save
carta,letter
estés,be
cielos,Heavens
teniente,lieutenant
encuentra,finds
david,David
veamos,let's see
quise,I wanted
escúchame,listen to me
necesitan,They need
ambos,both
decisión,decision
roma,Rome
enemigo,enemy
hicimos,we did
éi,éi
dulce,sweet
pruebas,evidence
querías,You wanted
abuelo,grandfather
totalmente,completely
mirando,looking
vayan,go
carrera,career
vuelo,flight
ante,in view of
bienvenido,welcome
harás,you will do
encontramos,we find
encontrado,found
contacto,contact
posición,position
saberlo,know
planeta,planet
humanos,humans
coronel,colonel
junto,together
diría,would say
ésa,that
base,base
oír,hear
suelo,floor
pelear,fight
ayudarte,help you
pistola,gun
frío,cold
comandante,commander
partes,Parties
llega,arrives
verás,you will see
sur,south
iremos,we'll go
rato,a while
mar,sea
espacio,space
asesinato,murder
ventana,window
prisa,hurry
tienda,store
cámara,camera
puedas,You can
según,according to
broma,joke
reunión,meeting
despierta,wake up
sacar,take out
tí,you
segunda,second
papel,paper
locura,craziness
departamento,department
horrible,awful
enfermo,sick
pregunto,asked
cárcel,jail
órdenes,orders
intento,tried
isla,island
salida,exit
llamó,called
volveré,I will be back
usa,uses
gato,cat
paul,Paul
hagan,do
dejes,Leave
duele,hurts
vengan,come
crimen,crime
esperaba,I expected
causa,cause
bar,bar
seré,I will be
ocho,eight
temprano,early
río,river
relación,relationship
drogas,Drugs
luces,lights
bromeando,joking
ojalá,I wish
hablamos,talk later
trabaja,works
irse,leave
libros,books
radio,radio
mary,Mary
ray,Ray
bill,Bill
vienes,you come
quedan,They remain
excepto,except
brazo,arm
tome,take
rojo,red
conocido,acquaintance
universidad,university
investigación,investigation
batalla,battle
reglas,rules
cargo,post
hogar,home
ninguno,none
dieron,They gave
vuelva,Return
sabías,You knew
respeto,I respect
estación,season
corte,court
paciente,patient
encuentro,meeting
energía,energy
dejado,left
baile,dance
fbi,FBI
abuela,grandmother
caliente,hot
vieja,old
viendo,seeing
veremos,we will see
rayos,good heavens
simple,simple
bailar,dance
papa,dad
triste,sad
zona,zone
serás,you will
guardia,guard
canción,song
salud,health
escuchar,hear
parar,stall
mike,Mike
estarás,You will be
cenar,have dinner
max,Max
soldados,soldiers
caballo,horse
serán,will be
estaremos,we will be
interesa,Interest
volar,fly
principio,principle
nivel,level
cálmate,take it easy
conocer,know
finalmente,finally
alegro,glad
debajo,below
podrían,could
bosque,forest
bonita,pretty
bolsa,bag
pone,places
taxi,cab
ocupado,busy
amable,gentle
ryan,Ryan
acaso,perhaps
detente,stop
imbécil,fool
san,saint
equivocado,mistaken
viva,live
puso,put
obra,construction site
consejo,advice
público,public
ayúdame,Help me
animales,animals
azul,blue
apuesto,handsome
prisión,prison
mirar,look
inteligente,intelligent
metros,meters
fantástico,fantastic
próximo,next
jugando,playing
ojo,eye
salga,out
vea,See
llaman,They call
entrada,entrance
duda,doubt
cerveza,beer
unidos,joined
matado,killed
princesa,princess
perdí,I missed
entender,understand
santa,Holy
quedar,meet
miles,Thousands
llamaré,I will call
compañero,buddy
pensado,thought-out
espalda,back
dejé,leave
bomba,bomb
alex,Alex
cartas,cards
apenas,barely
leer,read
hermanos,siblings
darme,give me
papi,Daddy
mantener,keep
suyo,yours
rico,rich
verla,see it
lee,read
bobby,Bobby
sigues,are you still
toca,touches
olvídalo,forget it
acción,action
hayas,be
dioses,gods
mando,command
dejaré,I will leave
llegue,I arrived
formas,shapes
uh,UH
henry,Henry
cierra,Close
damas,ladies
puente,bridge
memoria,memory
regresa,came back
muévanse,move
parecía,looked like
vestido,dress
llaves,keys
tv,TV
camión,truck
acabar,finish
robot,robot
llevó,he took
montón,lot
estuviste,You were
máquina,machine
puertas,doors
podamos,we can
muere,go dead
trago,drink
mayoría,most
reina,queen
lleno,full
inglés,English
don,Don
soldado,soldier
estrella,star
escuche,listen
valor,worth
pido,I ask
delante,in front of
código,code
héroe,hero
fe,faith
capaz,able
verme,see me
beber,to drink
velocidad,speed
darte,to give you
llevas,You carry
partido,game
estuviera,I was
tony,Tony
lex,lex
dia,day
opinión,opinion
irte,go
cocina,kitchen
abrir,open
perros,dogs
tambien,also
sepa,Know
pareces,You seem
escribir,write
golpe,bang
tenia,had
alta,high
estados,state
tocar,tap
vuelvo,I come back
habían,They were
ganas,desire
hacerte,make you
dejo,let
volvió,went back
ejemplo,example
robert,Robert
contar,count
tenían,They had
propósito,purpose
entiende,understands
empieza,begin
anillo,ring
londres,London
tendría,would have
pedir,ask
estilo,style
ayudarme,help me
pista,clue
cambiado,changed
escapar,escape
eeuu,USA
encontró,found
espíritu,spirit
viejos,old
molesta,bothers
nota,note
diferencia,difference
tratar,treat
precio,price
caballero,gentleman
sirve,it serves
alegra,Alegra
doble,double
agradable,pleasant
embargo,embargo
tengan,have
tuvimos,We had
sube,goes up
estén,are
mami,Mommy
emergencia,emergency
cuello,neck
boda,wedding
aprender,learn
pete,Pete
té,tea
informe,report
blanca,white
experiencia,experience
debía,should
podido,I have
mentira,lie
director,director
mata,Bush
exacto,exact
eddie,Eddie
déjalo,leave it alone
defensa,defending
tuviste,You saw
confiar,rely
color,color
bond,Bond
hacerle,do
aquel,that
conocí,I met
probar,prove
príncipe,the prince
irá,gonna
sóio,Sóio
ai,ai
despacio,slowly
tiro,shot
vacaciones,vacation
perdió,lost
fondo,background
chris,Chris
verde,green
parecen,they look like
mama,mother
bienvenida,welcome
opción,option
operación,operation
jim,Jim
hablado,spoken
traer,bring
principal,major
demonio,devil
zapatos,shoes
leo,Leo
anna,Anna
respecto,regard
nuevos,new
especie,species
pidió,asked
éxito,success
cabrón,bastard
mírame,Look at me
piernas,legs
unidad,unit
hielo,ice
llegamos,we arrived
déjeme,Leave me
ios,iOS
debí,Debí
vendrá,will come
matrimonio,marriage
habías,You were
podrá,can
piel,fur
preocupa,worries
quedarme,stay
mio,mine
tuviera,had
tiempos,time
richard,Richard
quienes,who
oiga,Listen
últimos,last
oigan,Hey
fuimos,went
arte,art
necesitaba,needed
quiénes,who
común,common
intentando,trying
llevaré,I will carry
levántate,Get up
correr,run
brillante,bright
calor,heat
planes,Plans
dra,Dra
visita,visit
presión,pressure
pared,wall
esperanza,hope
completo,complete
subir,increase
cansado,tired
llame,I called
recordar,remember
trampa,trap
monstruo,monster
bajar,lower
pierna,leg
señores,sirs
tomó,took
pasará,it will happen
mataste,Matas
grandioso,magnificent
socio,partner
herido,injured
cayó,fell
fuerzas,forces
nick,Nick
cine,cinema
escena,scene
tía,aunt
danny,Danny
dando,giving
puntos,points
teníamos,we had
dejaste,You left
muévete,move on
larga,long
solía,used to
tema,issue
preparado,prepared
depende,depends
policías,Police
solos,alone
matarme,kill me
mark,Mark
pon,put
hubiese,there would be
bebe,baby
tanta,So much
oeste,west
parís,Paris
viento,wind
jóvenes,youths
hacerme,make me
asiento,seat
carter,sump
washington,Washington
estupendo,great
caminar,walk
juicio,judgment
creerlo,Believe it
carga,burden
tranquila,peaceful
banda,band
estarán,will be
animal,animal
escuchen,listen
bush,Bush
encontraron,They found
dejas,you let
tarjeta,card
ibas,You were
podrás,you can
nueve,nine
seguramente,surely
volverá,To return to
majestad,majesty
llena,full
caer,fall
aeropuerto,airport
vayamos,Let's go
tommy,Tommy
acabado,finish
sigo,I follow
enorme,enormous
área,area
muevas,move
haberlo,have
dejen,Leave
ridículo,ridiculous
reloj,clock
hagamos,let's do
flores,flowers
mapa,map
culpable,guilty
cuentas,Accounts
pareja,couple
tomando,taking
m,m
laboratorio,laboratory
beso,kiss
empezó,it started
pedí,I asked
nariz,nose
cuestión,question
terminó,term
vengo,come
the,The
perdona,sorry
acuerdas,You agree
verano,summer
prefiero,prefer
peso,weight
billy,Billy
oscuridad,darkness
diferentes,different
cliente,customer
charles,Charles
cuántas,how many
televisión,television
suya,hers
prensa,press
johnny,Johnny
vistazo,glance
inmediatamente,immediately
solamente,only
gordo,fat
quedarse,stay
posibilidad,possibility
medicina,medicine
malditos,Damn
pantalones,pants
mataron,They killed
ayude,help
podremos,we will can
locos,crazy
nombres,Names
superman,Superman
parecer,seem
américa,America
definitivamente,definitely
cinta,tape
desea,wants
brazos,arms
asuntos,matters
riesgo,risk
escuché,listen
lugares,places
i,Yo
cuento,tale
noticia,news
dígame,tell me
decirlo,say it
tonterías,crap
sentimientos,feelings
objetivo,aim
pasada,pass
arreglar,arrange
casado,married
bote,boat
roja,Red
leyes,Laws
millón,million
árbol,tree
hable,I talked
proyecto,project
nervioso,highly strung
lana,wool
salido,stepped out
pedazo,piece
malas,bad
joder,fuck
humana,human
absolutamente,absolutely
evitar,avoid
corriendo,in a hurry
bala,bullet
vosotros,you
despues,after
debido,due
confianza,trust
especialmente,especially
intenta,Try
pequeños,little ones
paga,pay
ganado,cattle
ama,Love
limpio,clean
comenzar,begin
ángeles,Angels
robots,Robots
lleve,I carried
ruido,noise
preocupe,worry
jason,Jason
belleza,beauty
salgan,come out
come,eat
verá,You will see
deberían,They should
líder,leader
preguntar,ask
inocente,innocent
andy,Andy
lástima,pity
red,grid
enfermedad,disease
desgraciado,unfortunate
harán,They will do
dientes,teeth
maté,mate
central,central
ponte,put
felices,Happy
supe,I knew
haberte,HAVE YOU
marcha,March
poderes,powers
hubieras,You would have
justicia,justice
bella,pretty
dé,of
proteger,protect
cabello,hair
pedido,order
oscuro,dark
sarah,Sarah
embarazada,pregnant
costa,coast
dama,lady
alguno,some
orgulloso,proud
vos,you
tomado,taken
digamos,Let's say
debió,had
gana,Win
cura,healing
lengua,language
araña,spider
podré,I will be able
voluntad,willpower
total,total
dedo,finger
pago,pay
agradezco,I appreciate
partir,leave
lucha,struggle
leche,milk
luke,Luke
diste,you gave
copa,Cup
quedarte,stay
seguros,Insurance
destruir,destroy
bienvenidos,welcome
llevan,They carry
jerry,Jerry
ponga,Put
lados,sides
acceso,access
parker,Parker
intentar,attempt
trajo,brought
desastre,disaster
deber,duty
herida,wound
débil,weak
naturaleza,nature
luchar,struggle
extraña,strange
encontraste,by contrast
vieron,They saw
llámame,call me
imagen,image
pan,bread
refieres,You mean
clientes,customers
varios,several
show,Show
auxilio,help
oyes,you hear
siguen,They continue
sentado,sitting
saliendo,coming out
responsable,responsible
olvidado,forgotten
quedó,It was
permite,It allows
aquella,that
puse,I put
sonido,sound
quiso,He wanted
escrito,written
carro,car
preciosa,lovely
muestra,sample
bastardo,bastard
restaurante,restaurant
huevos,eggs
fantasma,ghost
mismos,same
profesional,professional
amas,You love
entero,whole
películas,films
cerrado,closed
dedos,fingers
sigan,Follow
dueño,owner
cuchillo,knife
turno,shift
tormenta,storm
caray,Wow
abierto,open
quede,remain
verdadera,True
mato,mato
doc,doc
playa,beach
km,km
victoria,victory
primo,cousin
oíste,did you hear
lisa,smooth
interior,inside
hechos,facts
piedra,stone
jodido,fucking
militar,military
computadora,computer
encantaría,I would enchant
siga,Follow
silla,chair
movimiento,motion
momentos,Moments
familiar,familiar
apartamento,apartment
disparar,shoot
tesoro,treasure
perfecta,Perfect
refiero,I mean
motivo,reason
dará,give to
nuevas,new
mr,Mr
querer,want
matarlo,kill him
valiente,brave
víctima,victim
tendrán,They will have
estúpida,stupid
envió,shipment
steve,Steve
encantado,delighted
diario,diary
abran,open
sentí,I felt
autobús,bus
traído,brought
casas,houses
apúrate,hurry up
encuentras,You find
descanso,rest
sheriff,Sheriff
mulder,Mulder
mueve,move
inglaterra,England
quieto,still
carl,Carl
matarte,kill you
calles,streets
tamaño,size
colegio,school
usando,wearing
cabo,cape
video,video
toques,Touches
pelota,ball
yendo,going
directo,straight
termine,I finished
vivos,alive
sombrero,hat
tomé,take
estudio,study
grave,serious
protección,protection
secretos,Secrets
perdiendo,losing
pecho,chest
sepas,know
enferma,sick
cuesta,costs
negros,Blacks
estrellas,stars
lago,lake
clases,classes
b,b
obviamente,obviously
inmediato,immediate
modos,Modes
irás,you will go
robo,heist
mataré,I will kill
seria,I would be
laura,Laura
apoyo,support
cerrar,close
imagino,I imagine
amenaza,threat
toque,touch
larry,Larry
saca,pulls out
viernes,Friday
hayan,have
roto,broken
lucy,Lucy
piloto,pilot
marca,brand
combate,combat
hablé,I talked
manejar,drive
sección,section
profundo,deep
tantos,so many
conocía,I knew
serie,series
ed,ed
contrato,contract
americano,American
paseo,walk
aviones,planes
balas,bullets
repente,Suddenly
cambia,Change
tropas,troops
llevará,carry
uso,use
pudiste,You could
detener,arrest
susan,Susan
sabia,knew
llegué,I arrived
negra,Black
decidido,decided
comienza,starts
distancia,distance
éramos,We were
murieron,They died
averiguar,figure out
actuar,Act
quedo,I remain
pulso,pulse
aguanta,hold
oficiales,Officers
llamaba,I called
enemigos,enemies
saldrá,It will come out
preocupado,concerned
elección,choice
sobrevivir,survive
bordo,board
sujeto,subject
pacientes,patients
disculpen,excuse me
época,epoch
entró,I enter
pesar,weigh
habló,speak
walter,Walter
vender,sell
piensan,They think
ex,ex
gratis,free
desapareció,He disappeared
empleo,employment
llamé,I called
conocen,They know
cerdo,pig
puedan,can
comprendo,understand
tomo,took
termina,ends
aléjate,get away
busco,look for
contento,glad
date,Date
tumba,grave
matt,Matt
huellas,footprints
cuerpos,bodies
absoluto,absolute
pide,asks
kent,Kent
dura,hard
descansar,rest
respuestas,answers
propiedad,property
llamando,calling
dormido,asleep
castillo,castle
china,China
datos,data
torre,tower
robar,steal
americanos,American people
malos,bad
botella,bottle
aquellos,those
últimamente,lately
testigo,witness
s,s
presento,I present
periódico,newspaper
kate,Kate
juez,judge
historias,stories
gustaba,liked
créeme,believe me
necesitar,need
esquina,corner
millas,miles
llamadas,calls
fuente,fountain
conocemos,We know
techo,ceiling
genio,genius
alerta,alert
ideas,Ideas
tomas,Tomas
olvidar,forget
menor,minor
droga,drug
explicar,explain
abierta,open
privado,private
miembros,members
joey,Joey
nacional,national
gustó,taste
ross,Ross
discutir,argue
evidencia,evidence
detalles,details
c,c
tardes,afternoon
tomaré,I will take
presente,present
scott,Scott
criminal,criminal
premio,prize
vuelvas,come back
siéntese,sit down
viniste,did you come
recibir,receive
mires,Look
teniendo,having
huele,smells
hables,You speak
guardias,guards
enamorado,in love
cuidar,look after
pocos,few
perdone,Forgive
natural,natural
caballos,horses
escucho,I'm listening
enfermera,nurse
ángel,angel
sospechoso,suspicious
local,local
mentiras,lies
camisa,shirt
confía,Trust
aceptar,accept
venganza,revenge
perdimos,We lost
cuantos,how many
parque,park
juegos,games
chloe,Chloe
vives,do you live
varias,several
harías,You would do
menudo,slight
déjenme,leave me
barrio,neighborhood
virus,virus
talento,talent
ministro,Minister
hiciera,made
robó,heist
conocerte,know you
viviendo,living
responsabilidad,responsibility
respira,Breathe
números,numbers
pertenece,It belongs
desayuno,breakfast
dave,Dave
campeón,champion
controlar,check
maría,Maria
nieve,snow
méxico,Mexico
howard,Howard
dias,days
vergüenza,shame
doctora,doctor
blancos,White
fumar,smoke
llevamos,we carry
europa,Europe
dudo,I doubt
athena,Athena
pastel,cake
quedas,You stay
cae,falls off
vimos,we saw
recibido,received
andando,walking
agentes,Agents
fueras,You were
asustado,scared
perdóname,forgive me
reino,kingdom
clave,clue
papeles,papers
matando,killing
jake,Jake
efecto,effect
r,r
plata,silver
olvidé,forget
iban,were going
universo,universe
política,policy
almuerzo,lunch
magia,Magic
lluvia,rain
humor,humor
autos,cars
veía,I saw
tantas,many
respirar,breathe
cantar,sing
trabajas,you work
julie,Julie
disparo,Shooting
conversación,conversation
olor,smell
asesinos,murderers
muchacha,girl
modelo,model
jane,Jane
curso,course
canal,channel
rock,rock
llorar,cry
borracho,drunk
regresen,Return
váyanse,Go
sentía,I felt
resultado,result
william,William
parado,stopped
olvides,Forget
mirada,look
inútil,useless
california,California
acabas,You finish
ciencia,science
perdiste,you lost
sociedad,society
regrese,I am back
camioneta,van
coño,Pussy
revista,magazine
pareció,it seemed
montaña,mountain
maravillosa,wonderful
dejarlo,leave it
máximo,maximum
echar,throw
corriente,current
escuchando,listening
disculpas,apologies
cadáver,corpse
seguimos,We continue
ron,Ron
espectáculo,show
frodo,Frodo
mundial,world
francia,France
decirles,Tell them
aspecto,aspect
presencia,presence
famoso,famous
corto,short
relájate,just relax
poderoso,powerful
recuerdos,memories
llego,arrive
carretera,road
pasé,happens
oigo,I hear
esperamos,we wait
escuchado,listened
cable,wire
rosa,pink
bola,ball
oferta,offer
helen,HELEN
intentarlo,try
habido,There have been
continuar,continue
rachel,Rachel
ladrón,thief
humanidad,humanity
estómago,stomach
entera,whole
contó,told
poniendo,putting up
mercado,market
granja,farm
idiotas,idiots
hablemos,let's talk
estudiante,student
siglo,century
roger,Roger
relaciones,relations
ias,Ias
hablan,They speak
adam,Adam
nosotras,we
miembro,member
fortuna,fortune
libres,free
acciones,Actions
esperas,You expect
suficientemente,enough
llevaron,They carried
ocurrido,happened
andar,walk
perfectamente,perfectly
pasan,pass
jardín,garden
cola,line
resultados,results
francés,French
troya,Troy
tercera,third
martin,Martin
entrenamiento,training
doug,Doug
azúcar,sugar
metido,involved
ayudarlo,Help him
diles,Tell them
coger,take
lunes,Monday
ey,Hey
new,New
intención,intention
volviendo,getting back
efectivo,cash
chicago,Chicago
dei,Dei
salgamos,let's go out
preguntaba,I asked
olvida,Forget
helicóptero,helicopter
fuertes,powerful
encantador,charming
original,original
cadena,chain
tarea,task
dispara,shoot
corta,short
compañeros,companions
cirugía,surgery
quítate,Take off
querían,They wanted
precioso,precious
lord,lord
sara,Sara
comenzó,began
truco,trick
inspector,inspector
enojado,angry
felicidades,congratulations
desaparecido,missing
acto,act
pollo,chicken
elizabeth,Elizabeth
chocolate,chocolate
adonde,where to
resulta,result
merece,deserves
gas,gas
examen,exam
vean,See
tonta,silly
importantes,important
apuesta,bet
jean,Jean
directamente,directly
recuperar,recover
pongo,put
llegaron,They arrived
cobarde,coward
cantidad,amount
sucio,dirty
habia,there was
emperador,emperor
mono,bun
encontraremos,We will find
disparen,They shoot
gloria,glory
contrario,contrary
socorro,Help
sir,sir
escaleras,stairs
seth,Seth
pasos,Steps
nuevamente,again
derechos,rights
obtener,obtain
guste,Like
búsqueda,search
helado,frozen
fútbol,soccer
sexual,sexual
polvo,dust
aseguro,I assure
rostro,face
robado,stolen
policia,police
empresa,company
escuchas,You listen
pones,You put
lárgate,Get out
interés,interest
discúlpeme,excuse me
dejaron,They left
tengamos,let's have
firma,signature
llevaba,I had
llegas,you arrive
cristo,Christ
tercer,third
senador,senator
continúa,keep going
gracia,funny
cien,hundred
texas,Texas
jones,Jones
des,des
tratado,treaty
razones,reasons
caminando,walking
urgencias,Emergency
u,or
raymond,Raymond
esperan,are waiting
muñeca,doll
firme,firm
duerme,sleep
ambulancia,ambulance
limpia,clean
habéis,You have
flota,fleet
leyenda,legend
encuentre,Find
fué,was
arturo,Arthur
romper,break
muriendo,dying
encontrarlo,find him
rescate,rescue
quedado,left
enfrente,in front
comienzo,beginning
árboles,trees
x,x
queso,cheese
favorito,favorite
haberme,have
frontera,border
creemos,We believe
colega,colleague
jueves,Thursday
alemanes,Germans
shrek,Shrek
sábado,Saturday
limpiar,clean
puto,fucking
poquito,a little
cientos,hundreds
muero,I die
irak,Iraq
inteligencia,intelligence
funcionar,function
felicitaciones,congratulations
escapó,escaped
criatura,creature
milagro,miracle
deprisa,fast
especiales,special
campamento,camp
responde,reply
escuchaste,you listened
debiste,You owed
adios,bye
viven,they live
recoger,collect
preguntarte,ask you
compras,shopping
cansada,Tired
will,Will
elegir,choose
cáncer,cancer
servir,serve
pata,paw
huir,flee
útil,useful
grados,degrees
atacar,attack
sonny,Sonny
recién,newly
querría,I would want
guapo,handsome
alcance,scope
smith,Smith
dejame,let me
quedamos,we stay
llegará,reach
seremos,We will be
desierto,desert
t,t
licencia,license
fiona,Fiona
trató,deal
proceso,process
llevado,carried
durmiendo,sleeping
tensión,strain
martes,Tuesday
kilómetros,kilometres
cartera,briefcase
tráfico,traffic
guarda,guard
impresionante,awesome
víctimas,victims
ricos,rich
primeros,first
dejamos,We leave
tomen,Take
iguales,equal
domingo,Sunday
crear,create
quedará,will remain
pérdida,loss
extra,extra
fuese,It was
confío,I trust
sabido,known
análisis,analysis
llegaste,you arrived
fría,cold
violencia,violence
mate,mate
lobo,wolf
discurso,speech
actor,actor
sexy,sexy
orgullo,pride
odia,hates
libras,pounds
alli,over there
agencia,agency
vuelvan,Return
rose,Rose
necesidad,need
naves,ships
descubrir,discover
tira,strip
resolver,solve
pondré,I will put
volando,flying
pensamos,We think
míos,mine
errores,mistakes
celular,cell phone
vincent,Vincent
cuantas,how many
claire,Claire
verlos,see them
ayudarle,Help him
meter,to put
hablaré,I'll talk
ésto,this
daniel,Daniel
buscas,You are looking for
equivocada,wrong
dejan,leave
vacío,empty
trabajaba,I worked
salón,lounge
motor,engine
conducir,drive
compré,I bought
quizas,maybe
den,Den
cerrada,closed
cortar,cut
ted,Ted
crea,creates
sera,be
mueva,move
hazme,Make me
bravo,Bravo
alan,Alan
pregunté,I asked for
promesa,promise
espejo,mirror
dígale,Tell him
sienta,Feel
médicos,doctors
cero,zero
escribió,wrote
volveremos,we will be back
unidades,units
cheque,check
consigue,get
antiguo,ancient
regla,ruler
pesadilla,nightmare
enviar,send
podías,You could
llevarte,Take you
entrenador,coach
cuida,takes care
paciencia,patience
dilo,say it
levanta,Raise
complicado,complicated
superior,superior
sugiero,I suggest
familias,families
dirá,will tell
pienses,think
temporada,season
suelta,loose
Jackie,Jackie
corran,They run
propios,own
feo,ugly
dispuesto,willing
ayúdenme,help me
teoría,theory
salvaje,wild
negativo,negative
íbamos,we were going
hubieran,there would be
tripulación,crew
taza,cup
perdida,loss
vinieron,They came
ponen,They put
pasamos,we passed
parecido,similar
brian,Brian
acepto,I agree
gay,gay
cooper,Cooper
señoras,ladies
quedaré,I will stay
parada,stop
niñas,Girls
conseguí,I got
acabamos,we finish
normalmente,usually
muchísimo,very much
bruja,witch
vegas,Vegas
tuvieron,They had
traigo,I bring
matará,will kill
kevin,Kevin
funeral,funeral
conseguiste,You got
teatro,theater
paris,Paris
medianoche,midnight
biblioteca,library
estemos,let's
túnel,tunnel
encargo,charge
aparece,appears
testigos,Witnesses
pensó,thought
fueran,They were
fantasmas,Ghosts
correo,mail
vuestro,your
piscina,pool
paquete,package
copia,copy
alice,Alice
suicidio,suicide
molly,Molly
crédito,credit
consigo,with him
carol,Carol
vuestra,your
rara,strange
legal,legal
hablaremos,we will talk
cambió,change
solas,alone
salimos,we went out
ganador,winner
estudiantes,students
despierto,awake
pare,stop
invitado,guest
guía,guide
oso,bear
leí,read
explosión,burst
dejarme,Leave me
chino,Chinese
stan,Stan
lois,Lois
sorprende,surprise
sistemas,systems
nación,nation
entienden,they understand
arena,sand
mentiroso,liar
hablaba,she spoke
veas,go to S
pura,Pure
asesinado,murdered
mintiendo,lying
casos,cases
vehículo,vehicle
rata,rat
importancia,importance
distinto,distinct
pintura,paint
intenté,I tried
conciencia,awareness
miras,you look
máquinas,Machines
traeré,I'll bring
revisar,review
veinte,twenty
seres,Beings
hablarle,Talk to him
disco,disk
viktor,Viktor
transporte,transport
mina,mine
labios,lips
señoría,lordship
llamamos,We call
doce,twelve
cuídate,take care of yourself
pasillo,aisle
tele,TV
podria,could
completa,complete
rápida,fast
precisamente,precisely
llamaste,called
cumplir,achieve
servicios,services
señales,signals
acaban,they finished
am,A.M
suéltame,Let go
hablarte,Talk to you
traté,I tried
pescado,fish
huesos,bones
daría,would give
compra,buys
trajiste,You brought
templo,temple
placa,plate
posibilidades,odds
ira,gonna
vengas,You come
siguiendo,Following
podrán,will be able
llamarme,Call me
cierta,true
permitir,allow
condiciones,conditions
atrapar,catch
temperatura,temperature
explicación,explanation
enviado,sent
contado,Cash
asistente,assistant
imperio,empire
pidiendo,asking
notas,grades
curioso,curious
operaciones,operations
mantén,Keep
tierras,land
creas,You believe
pez,fish
morirá,will die
visión,vision
montañas,mountains
jeff,Jeff
d,d
comido,Eaten
construir,build
comunidad,community
verán,You will see
pierde,misses
piense,Think
felicidad,happiness
ee,EE
diversión,fun
salvó,except
thomas,Thomas
quita,remove
museo,museum
disparó,Shooting
desearía,I would like
misterio,mystery
buscamos,We are looking for
aviso,warning
almirante,admiral
solución,solution
pequeñas,little
faltan,missing
existen,exist
combustible,fuel
leído,read
tirar,throw
responder,reply
esfuerzo,effort
vuelves,You come back
uu,UU
pájaro,bird
hermanas,sisters
guerrero,warrior
esposas,wives
coma,eat
abra,Open
traes,You bring
sientas,You feel
rocky,Rocky
olvide,forget
joseph,Joseph
bolsillo,pocket
heridas,wounds
saco,coat
gasolina,gasoline
conexión,Connection
correcta,correct
pedazos,pieces
líneas,lines
estarías,You would be
convierte,converts
ayudará,help to
rumbo,course
rompió,broke
muera,die
mia,mine
material,material
diamantes,Diamonds
rápidamente,quickly
mírate,look to you
fecha,date
escritorio,desk
digan,say
registro,record
maten,Kill
incendio,fire
deme,give me
sois,you are
pensamientos,thoughts
dímelo,tell me
comiendo,eating
aparte,apart
asesinatos,murders
roy,Roy
lección,lesson
algun,some
abrigo,coat
tratamiento,treatment
julio,July
pene,penis
conejo,rabbit
suceder,happen
ruta,route
ciego,blind
asqueroso,disgusting
súper,super
prisionero,prisoner
odie,hate
ocupada,busy
llevarlo,carry it
Jenny,Jenny
empezamos,We start
Emily,Emily
Ethan,Ethan
estuvimos,We were
decírselo,Tell him
oscar,Oscar
honesto,honest
entrevista,interview
Antigua,Ancient
amante,lover
humo,smoke
gustas,Like
condado,county
conseguido,achieved
viajar,travel
sombra,shade
sabrá,will know
refiere,refers
lío,mess
estáis,You are
entrega,delivery
Drácula,Dracula
compartir,share
Angeles,Angels
volvamos,let's go back
sonrisa,smile
sencillo,simple
atrapado,caught
aburrido,bored
pocas,few
pensaste,Thought
dragón,dragon
Anne,Anne
volví,I returned
planta,plant
clima,climate
adoro,I like
suave,gentle
ruso,Russian
rodillas,knees
Marina,Marine
bolso,bag
betty,Betty
alarma,alarm
vivía,she lived
quédese,Stay
recompensa,reward
juega,play
Hollywood,Hollywood
cigarrillo,cigarette
autoridad,authority
amigas,friends
agujero,hole
acabe,Finish
sacaste,You took out
orgullosa,proud
Jackson,Jackson
entendí,understood
dijera,said
sótano,basement
paredes,walls
guapa,pretty
iría,would go
imaginar,imagine
fiebre,fever
déjala,leave her
botón,button
preguntarle,ask him
leyendo,reading
darles,give them
uniforme,uniform
dulces,sweets
vaso,glass
documentos,Documents
ruego,I beg
maneras,ways
king,King
invitados,guests
cómodo,comfortable
ayudarnos,Help us
visitar,visit
vigilancia,surveillance
nadar,swim
altura,height
todavia,still
preparados,prepared
Gary,Gary
cuáles,which
mover,move
jugador,player
izquierdo,left
alejandro,Alexander
tecnología,technology
raza,race
conocerlo,know him
conde,count
social,social
gobernador,governor
coge,Take
pedro,Pedro
cubierta,deck
chiste,joke
celda,cell
agarra,grabs
secreta,Secret
personalmente,personally
Miller,Miller
amistad,friendship
amaba,I loved
nació,born
interesado,interested
intentado,tried
educación,education
curiosidad,curiosity
buscan,looking for
repito,I repeat
pecado,sin
mortal,mortal
manda,Send
claramente,clearly
vía,via
juntas,together
identificación,ID
dirige,directs
declaración,statement
alemán,German
tontos,Fools
mantiene,maintains
bestia,beast
veneno,poison
vecinos,neighbors
supiera,knew
quieran,want
salgo,I'm on my way out
propias,own
privada,private
jurado,jury
golpes,hits
usan,They use
metas,goals
Lenny,Lenny
garganta,throat
invierno,winter
fila,row
Ricky,Ricky
miel,Honey
traigan,Bring
sucedido,happened
tranquilos,quiet
madera,wood
burro,donkey
artista,artist
Sophie,Sophie
pobres,poor
Louis,Louis
impresión,impression
ganó,won
cruzar,cross
cigarrillos,cigarettes
Scully,Scully
ó,either
llevarme,Take me
grial,Grail
chaqueta,jacket
alcalde,mayor
vueltas,rounds
usado,used
reputación,reputation
pongas,Put
oxígeno,oxygen
cajas,boxes
preocupada,worried
matan,They kill
Liz,Liz
empezando,starting
cabezas,Heads
ponerme,put myself
experto,expert
océano,ocean
maestra,teacher
cia,Inc
pieza,part
cargos,charges
bombas,Pumps
alcohol,alcohol
trataba,It was
salen,They leave
pizza,pizza
Patrick,Patrick
recibí,I received
junta,board
criaturas,creatures
apareció,appeared
actitud,attitude
gira,tour
cristal,glass
Bourne,Bourne
Amy,Amy
encuentran,find
dejarte,leave you
caído,fallen
ultima,Last
j,J
sensación,sensation
seguido,Following
puro,pure
whisky,whiskey
vernos,see us
pantalla,screen
bebida,drink
estudiar,study
ducha,shower
despedido,fired
consiguió,got
venía,came
pagan,pay
discúlpame,excuse me
artículo,article
aparentemente,apparently
ambas,both
trauma,trauma
pusieron,They put
fiestas,parties
contesta,answer
contenta,happy
ambiente,atmosphere
prometí,I promised
llegando,arriving
mostraré,I'll show
deba,Deba
Berlín,Berlin
nerviosa,nervous
hallar,find
dudas,doubts
llegan,They arrive
instrucciones,instructions
baje,Lower
vinimos,We came
ritmo,rhythm
quédense,stay
suponía,supposed
Marcus,Marcus
pistas,tracks
palacio,palace
Gordon,Gordon
encontraré,I'll find
venta,sale
urgente,urgent
tomamos,we take
salí,I left
cuerda,rope
vendría,It would come
pasaba,passed
instante,instant
almas,souls
suficientes,enough
secundaria,secondary
saltar,hop
queria,wanted to
quedarnos,stay
molesto,annoying
colina,hill
porquería,filth
dean,dean
sienten,They feel
pondrá,will put
terroristas,Terrorists
empecé,I started
pongan,Put
phoebe,Phoebe
moto,motorcycle
opinas,You think
habilidad,ability
entren,enter
descubierto,discovered
convertido,converted
asegúrate,Make sure
summer,Summer
quedé,I stayed
kilos,kilos
Florida,Florida
tomará,it will take
sufrir,suffer
mental,mental
lograr,achieve
instituto,Institute
um,um
serlo,be
rapido,fast
plato,dish
llorando,crying
vd,you
váyase,Go away
sucediendo,happening
robaron,They stole
Alemania,Germany
bolas,balls
Luthor,Luthor
pasaría,It would happen
ocurra,occur
ilegal,illegal
fresco,cool
falso,fake
abogados,Lawyers
tómalo,take it
mandó,command
cuán,how
cuales,which
botas,boots
tiburones,Sharks
Marissa,Marissa
grado,degree
deseas,you want
archivos,files
adivina,guess
cruz,cross
campaña,Campaign
asustada,scared
centavos,cents
vivimos,We live
galletas,cookies
frecuencia,frequency
daños,damage
minas,Mines
emociones,emotions
dejará,will leave
regresó,return
ratas,Rats
pasión,passion
Julia,Julia
Joel,Joel
hacerse,to be made
comportamiento,behavior
pense,I thought
conocimiento,knowledge
bin,bin
sales,you go out
fiscal,fiscal
decisiones,decisions
criminales,criminals
cámaras,cameras
amanecer,sunrise
convirtió,converted
aldea,village
abandonar,abandon
obvio,obvious
habíamos,We had
apesta,stinks
abandonado,abandoned
volverás,you will come back
preocuparse,worry
Kim,Kim
favorita,Favorite
lanzamiento,launch
difíciles,difficult
vivido,vivid
roca,rock
peces,fish
maravilla,Wonderful
espacial,space
conductor,driver
camarada,comrade
trabajado,worked up
caramba,Caramba
sopa,soup
numero,number
gritar,shout
envía,Send
casino,casino
alteza,high King
Karen,Karen
identidad,identity
cambios,changes
guardar,keep
gatos,cats
gané,I win
arresto,arrest
éstas,are
preguntó,asked
éstos,these
probable,likely
seamos,Let's be
importaría,mind to
firmar,sign
federal,federal
caras,faces
trabajos,jobs
Houston,Houston
hagámoslo,Let's do it
expediente,proceedings
tigre,tiger
intentó,tried
harto,fed up
decidir,decide
periódicos,newspapers
casarse,get marry
lento,slow
hecha,made
daba,gave
Simon,Simon
ponerte,put on
pelotas,balls
monstruos,Monsters
ie,ie
cruel,cruel
city,City
señoritas,Ladies
gigante,giant
dick,Dick
siglos,centuries
escalera,ladder
incidente,incident
escenario,scenery
dirás,You will say
ciertas,true
casar,marry
llamen,call
biblia,Bible
reporte,report
moda,fashion
casada,married
reacción,reaction
falla,failure
castigo,punishment
fácilmente,easily
caza,hunt
Annie,Annie
magnífico,magnificent
decidí,I decided
camina,walk
superficie,surface
procedimiento,procedure
condición,condition
asalto,assault
virgen,virgin
verle,see him
conocimos,We met
quitar,remove
donna,Donna
tratas,You treat
noble,noble
laden,Laden
hierba,grass
excelencia,excellence
asco,disgust
white,White
título,qualification
regresaré,I'll be back
ejercicio,exercise
pasaporte,passport
extraños,strangers
ciento,hundred
afortunado,lucky
sacó,coat
irán,Iran
sacerdote,priest
pedirle,Ask for him
impuestos,taxes
crisis,crisis
aventura,adventure
to,to
puestos,Posts
pánico,panic
oz,Oz
llames,You call
ladrones,thieves
enseñó,taught
logramos,We achieved
estuvieron,They were
últimas,Latest
página,page
metro,meter
grace,Grace
enterprise,Enterprise
alla,there
pudieron,could
mostrar,show
escribe,writes
ventaja,advantage
enamorada,in love
Boston,Boston
usr,USR
gorda,fat woman
vendrán,They will come
paren,Paren
xena,Xena
piedras,stones
pesado,heavy
despertar,wake up
Warren,Warren
pierdes,You lose
jesucristo,Jesus Christ
damos,we give
treinta,thirty
recuerde,Remember
earl,Earl
capacidad,ability
soportar,bear
senado,senate
Grant,GRANT
decidió,He decided
prepárense,Prepare
asusta,scares
aquiles,Achilles
aquello,that
and,and
aguantar,put up with
Cohen,Cohen
aprendí,I learned
tenéis,you have
parezca,It seems
alegría,happiness
territorio,territory
física,physical
escape,exhaust
tomes,Take
sandy,Sandy
excusa,excuse
estudios,studies
Arthur,Arthur
Shaw,Shaw
septiembre,September
personaje,character
fábrica,factory
elegido,chosen one
cole,school
tanque,tank
salta,Salta
hablaste,You spoke
conferencia,conference
compromiso,commitment
ayudaré,I'll help
salieron,They left
rusos,Russians
parezco,I look like
llevando,wearing
exterior,abroad
punta,tip
ponerse,to put on
pasen,pass
puerto,port
decírtelo,tell you
caro,expensive
asombroso,amazing
pasara,it will happen
matarán,They will kill
maleta,suitcase
competencia,competence
canciones,songs
Miranda,Miranda
cinturón,belt
saint,Saint
papas,potatoes
marco,frame
destrucción,destruction
terry,Terry
paraíso,paradise
meta,goal
alternativa,alternative
socios,partners
alas,at
w,W
ocasión,chance
casarme,get married
salsa,dip
romano,Roman
prisioneros,Prisoners
fogg,FOGG
encantan,love
encantadora,lovely
comercial,commercial
primavera,spring
metió,put
Luther,Luther
Johnson,Johnson
volvemos,We return
mandar,send
luce,Luce
sagrado,sacred
nacido,born
fabuloso,fabulous
echo,threw out
desaparecer,disappear
potencia,power
adn,DNA
traiga,Bring
permítame,let me
mayores,greater
regalos,gifts
pusiste,You put
peligrosa,dangerous
militares,military
jodida,fucking
coincidencia,coincidence
bandera,flag
adivinar,guess
Wilson,Wilson
tubo,tube
partida,departure
opciones,options
llamaron,They called
hombro,shoulder
vampiros,Vampires
sabían,They knew
recibió,received
Marty,Marty
jugadores,players
celebrar,celebrate
armario,cupboard
tetas,tits
paliza,beating
sabor,flavor
míralo,Look
lata,can
héroes,heroes
aigo,Aigo
serpiente,snake
escribí,I wrote
comité,committee
bendiga,Bless
terminé,I finished
oyó,or me
imaginación,imagination
funcionó,it worked
bello,beautiful
hígado,liver
cierre,closing
cabina,cabin
queríamos,We wanted
pasas,raisins
mantente,Stay
japón,Japan
deseos,wishes
cuéntame,tell me
rastro,trace
compró,bought
anterior,former
acero,steel
desnudo,naked
comisario,commissar
catherine,Catherine
refuerzos,reinforcement
preparar,prepare
perdidos,Lost
pagaré,I will pay
Miami,Miami
huevo,egg
entrando,entering
armada,navy
trate,Treat
supo,he knew
bromeas,JOYS
verdaderamente,truly
Napoleón,Napoleon
miro,I look
límite,limit
esperemos,let's hope
sacado,taken out
diamante,Diamond
secuestro,kidnapping
casco,helmet
ayudó,helped
nene,baby
marcas,brands
francisco,Francisco
pudieras,You could
poca,little
jugo,juice
heridos,wounded
congreso,congress
cementerio,cemetery
prostituta,prostitute
desaparece,disappears
consecuencias,consequences
terreno,land
salvado,saved
mueren,They die
igualmente,likewise
ganamos,we won
circunstancias,circumstances
trabajamos,we work
Marie,Marie
Jill,Jill
amén,amen
katie,Katie
funcionando,working
Evan,Evan
personalidad,personality
muro,Wall
contestar,to answer
razon,reason
peores,Worst
particular,particular
llévame,ride me
gimnasio,gym
Garfield,Garfield
emocionante,exciting
desgracia,misfortune
científico,scientist
buscado,sought
buddy,Buddy
v,v
terapia,therapy
prepara,prepare
Phil,Phil
patrulla,patrol
globo,balloon
despejado,clear
creado,created
aprendido,learned
nací,I was born
lanning,Lanning
embajador,ambassador
barcos,boats
posiblemente,possibly
malvado,wicked
dormitorio,bedroom
despacho,dispatch
desagradable,disgusting
viniendo,coming
riddick,Riddick
recibo,receipt
nuclear,nuclear
mensajes,messages
mantengan,Keep
ultimo,last
autoridades,authorities
quedes,remain
pasaron,They passed
gano,won
ayudo,helped
aprecio,appreciation
sentimiento,feeling
popular,popular
extrañas,foreign
detenerlo,stop it
civiles,civilians
tontería,nuisance
reyes,Kings
americana,American
vuelven,They come back
ventanas,windows
tiburón,shark
seiya,Seiya
peleas,fights
organización,organization
jedi,Jedi
ayudarla,help her
tuvieras,You had
sally,Sally
querrás,you will want
querrá,will want
kelly,Kelly
infección,infection
decente,decent
logrado,accomplished
jersey,sweater
amar,love
Wayne,Wayne
equipos,equipment
canta,sings
bebés,you drink
pozo,well
India,India
esperado,expected
enseñar,teach
darnos,give us
brown,Brown
tomaste,do you drink tea
internet,Internet
habilidades,skills
encanto,charm
dispararon,They shot
comprendes,You understand
áfrica,Africa
adorable,adorable
rica,delicious
llegaremos,we will arrive
Harold,Harold
reales,Real
mismas,same
medios,media
marihuana,dope
traidor,traitor
martha,Martha
funcione,function
clínica,clinic
preferiría,I'd prefer
podían,They could
olvidó,forgot
Fred,Fred
entramos,we enter
ejercito,army
división,division
sector,sector
perdedor,loser
patrón,pattern
encontrará,will find
crema,cream
barry,Barry
planeado,planned
mantenga,keep up
juguete,toy
edward,Edward
técnica,technique
nacimiento,birth
esperaré,I will wait
tim,Tim
termino,term
matas,Matas
entrado,entered
destruido,destroyed
daremos,We will give
circo,circus
ascensor,elevator
andrew,Andrew
aca,here
investigar,investigate
encuentren,find
archivo,archive
salve,Hail
presentar,introduce
logro,achievement
intentas,You try
encargaré,I will order
armado,armed
apuestas,Bets
Maggie,Maggie
arrestado,arrested
unión,Union
permanecer,stay
muéstrame,show me
móvil,mobile
Louise,Louise
Juan,Juan
dificil,difficult
casados,married
cañón,Canyon
Bruce,Bruce
tribunal,court
sepan,Know
satélite,satelite
recuerden,Remember
intentaré,I will try
falsa,false
coca,Coke
black,Black
símbolo,symbol
rocas,Rocks
putas,whores
pendejo,stupid
mátalo,Mátalo
judío,Jew
estando,being
subtítulos,Subtitle
gritando,Screaming
dejemos,Let's leave
científicos,scientists
bebiendo,Drinking
saque,take out
navorski,Navorski
metal,metal
despedida,farewell
golf,Golf
empiece,Start
defender,defend
crecer,grow
rota,broken
sentimos,We feel
n,n
guerreros,Warriors
echa,Echa
comunicación,communication
probado,tried
pensarlo,Think about it
háblame,tell me
detenido,arrested
sabría,would know
muertes,deaths
movimientos,Movements
prohibido,forbidden
pájaros,Birds
kane,Kane
cargar,carry
willie,Willie
podíamos,we could
junior,junior
imágenes,images
haberse,have
acusado,accused
peleando,fighting
lealtad,loyalty
considera,considers
cazador,Hunter
buscarlo,Look for it
apaga,turns off
objeto,object
sofá,couch
personales,personal
mac,Mac
homicidio,homicide
electricidad,electricity
advertencia,warning
rumores,Rumors
mentir,lie
fíjate,notice
deuda,debt
celoso,jealous
bicicleta,bicycle
azules,Blue
visitas,Visits
mejorar,improve
escudo,shield
cueva,cave
aérea,Aerial
nathan,Nathan
levantar,get up
juguetes,toys
ciertamente,certainly
bajen,Go down
aaron,Aaron
you,You
temas,topics
pedirte,Ask for you
mcdonalds,McDonalds
elegante,elegant
divorcio,divorce
depósito,deposit
concierto,concert
calla,shut up
transmisión,transmission
mataría,I would kill
flor,flower
wyatt,Wyatt
viejas,old
trabajan,they work
onda,vibe
saldremos,We will go out
preguntado,asked
aliento,breath
academia,academy
sonar,dream
recibe,receives
patio,yard
función,function
conduce,she drives
benton,Benton
pregúntale,ask her
palo,stick
internacional,international
hueso,bone
heather,Heather
esclavos,slaves
versión,version
sacrificio,sacrifice
judíos,Jews
increible,incredible
in,in
fotografía,Photography
delicioso,delicious
crímenes,crimes
zorra,bitch
valle,valley
llevaremos,We will carry
lentamente,slowly
encantada,nice to meet you
arreglo,arrangement
volvería,I would come back
logró,achievement
romántico,Romantic
preocuparte,worry
olvido,forgot
fascinante,fascinating
cuadro,chart
creyó,He believed
adultos,Adults
wow,wow
sobrino,nephew
secuencia,sequence
nicky,Nicky
lleven,Take
huh,HUH
entradas,tickets
decirnos,Tell us
resistencia,endurance
llamarlo,call him
greene,Greene
ayudas,Aid
esperanzas,hopes
disponible,available
civil,civil
caos,chaos
audrey,Audrey
velas,candles
tenerlo,have it
ponerle,put
muestras,Samples
lógica,logic
casualidad,chance
sigamos,let's keep going
rayo,ray
pato,duck
pagado,paid
máscara,mask
gustado,liked
buscarte,look for you
selva,jungle
pm,p.m
equivoqué,I was wrong
condenado,condemned
cometido,task
west,West
travis,Travis
tratan,They treat
pudimos,we could
preguntando,asking
tragedia,tragedy
poli,cop
oliver,Oliver
compañías,Companies
charla,chat
mete,put
malditas,Damn
campos,fields
cadáveres,corpses
básicamente,basically
vamonos,let's go
trucos,tricks
preparada,prepared
funcionará,it will work
conté,I counted
contando,counting
construcción,construction
ciudadanos,Citizens
agarrar,grab
infeliz,unhappy
francesa,French
explica,Explain
decide,Decide
vende,sell
rutina,routine
gustar,like
empieces,You start
caída,drop
almorzar,have lunch
actividad,activity
inocentes,innocent
fondos,money
coraje,courage
ayudando,Helping
aterrizar,to land
actuación,performance
vietnam,Vietnam
suba,Suba
h,h
cynthia,Cynthia
ayudante,assistant
vuela,Flying
vaca,cow
dc,DC
cirujano,surgeon
tio,uncle
olvídate,forget
okay,OK
entregar,deliver
encerrado,locked
rubia,blonde
kong,Kong
joyas,jewelry
empecemos,let us begin
buzz,Buzz
amado,loved
terminamos,finished
romanos,Romans
piedad,piety
llamarte,call you
hacían,They did
furia,rage
detalle,detail
admitir,admit
tendrías,You would have
respiración,breathing
prepárate,Get ready
escribiendo,writing
confundido,confused
vigilando,watching
sufrimiento,suffering
saludos,greetings
robaste,you stole
l,l
golpear,hit
garaje,garage
buscaré,I will search
revolución,revolution
motel,motel
buscaba,I was looking for
alianza,alliance
otto,Otto
estupidez,stupidity
disparado,shot
sangrando,bleeding out
quietos,still
miserable,miserable
ideal,ideal
empiezo,I start
controla,control
prometiste,You promised
heroína,heroin
empezado,started
dámelo,give it to me
vecindario,neighborhood
empleado,employee
conociste,you met
colores,colors
cerebral,cerebral
plástico,plastic
piano,piano
pensamiento,thought
lewis,Lewis
letra,letter
empleados,employees
dosis,dose
dólar,dollar
benny,Benny
apolo,Apollo
agrada,AGRADA
tocado,touched
tíos,uncles
super,super
rifle,rifle
renunciar,give up
incluyendo,including
hoyo,hole
español,Spanish
acepta,you accept
rueda,wheel
municiones,ammunition
ciudades,cities
béisbol,baseball
regresado,returned
pediste,You asked
ja,ha
sesión,session
comprender,grasp
tocando,touching
montar,mount
ma,ma
familiares,family
espía,spy
efectos,effects
salto,leap
pagó,pay
impacto,impact
emoción,emotion
disparos,shots
comando,command
autorización,authorization
informes,reports
honestamente,honestly
existencia,existence
demasiada,too much
coches,cars
clara,clear
alcanzar,reach
volviste,You came back
octubre,October
g,g
conseguimos,We get
barato,cheap
apostar,bet
requiere,requires
importan,Import
grano,grain
demasiados,too many
casarte,marry
tráeme,bring to me
rick,Rick
progreso,progress
odias,You hate
ocurrir,occur
hacías,You did
serías,You would be
secretario,secretary
rusia,Russia
piénsalo,think about it
gatito,kitten
déme,give me
colección,collection
vais,You go
sufrido,suffered
ningun,None
helena,Helena
harris,Harris
terror,terror
salva,Save
salgas,You go out
sacarte,get you
lanza,lance
usó,use
quince,fifteen
prometido,fiance
preciso,accurate
pirata,pirate
park,Park
moral,moral
moneda,currency
kyle,Kyle
hare,I will do
haberle,have
estuvieras,You were
dijimos,we said
cayendo,falling down
bajas,low
viniera,came
soñando,ringing
servirá,will serve
moscú,Moscow
mínimo,minimum
hermosas,beautiful
escondido,hidden
eric,Eric
demostrar,demonstrate
perrito,puppy
jordan,Jordan
intente,Try
habrán,There will be
experimento,experiment
espaldas,backs
diseño,design
barra,bar
anciano,old man
alfombra,rug
actriz,actress
tono,tone
sentarse,feel
remedio,remedy
listas,lists
gris,grey
enviaron,They sent
entendiste,You understood
disfrutar,enjoy
contaré,I will count
comen,eat
sentada,sitting
pregunte,I asked for
japonés,Japanese
gritos,Screams
dolares,Dollars
asegurarme,make sure
restos,remains
piper,Piper
pierdo,I lose
motivos,reasons
josh,Josh
dimos,We gave
campeonato,championship
apúrense,Sign up
unico,only
reír,laugh
prima,cousin
maricón,fagot
actúa,Act
periodista,journalist
luchando,struggling
estelar,stellar
escritor,writer
encontrarás,you'll find
dejando,Leaving
adecuado,appropriate
terrorista,terrorist
lady,Lady
hierro,iron
enterrado,buried
big,Big
sincero,sincere
sharon,Sharon
representa,It represents
positivo,positive
mereces,You deserve
italia,Italy
fea,ugly
acerques,Aceros
petróleo,Petroleum
encargado,in charge
capítulo,chapter
enseñaré,I will teach
cuentos,stories
breve,brief
atreves,Dare
súbete,get on
sed,thirst
patético,pathetic
mostrarte,show you
doctores,Doctors
carácter,character
tuyos,yours
plaza,square
obispo,bishop
necesite,need
muevan,move
involucrado,involved
frankie,Frankie
darán,They will give
robin,Robin
ingleses,English
usas,You use
ruedas,wheels
prácticamente,practically
orejas,ears
golpeó,hit
costado,side stand
conducta,conduct
toman,they take
suban,up
médica,Medical
manzana,apple
jonathan,Jonathan
escuadrón,squadron
reconozco,I recognize
ordenes,Orders
gallina,hen
cambiando,Changing
borde,edge
ataques,attacks
actual,current
víctor,Victor
polly,Polly
pecados,sins
invito,I invite
inconsciente,unconscious
bastardos,bastards
abrió,Opened
shaun,Shaun
oyeron,They heard
intentaba,I tried
cuartel,barracks
consciente,aware
tranquilízate,calm down
suyos,his
residencia,home
máxima,maximum
llevarla,carry it
grasa,fat
células,Cells
retrocedan,They go back
recepción,reception
medicinas,medicines
explotar,blow
corona,crown
callate,be quiet
calidad,quality
ayúdeme,Help me
asesina,murderess
absurdo,absurd
revés,reverse
producto,product
nancy,Nancy
encontrarla,find it
dj,DJ
descansa,rest
copias,do you copy
apagar,to turn off
profesionales,professionals
práctica,practice
investigando,doing research
francamente,frankly
calvin,Calvin
afganistán,Afghanistan
vecino,neighbor
trozo,piece
tómate,tomato
tercero,third
sirven,serving
saquen,take out
manual,manual
enciende,Turn on
cercano,nearby
bailando,dancing
atras,back
usarlo,use it
telefono,phone
registros,records
ponlo,Put it
pasta,pasta
lleguen,arrive
saliste,did you go out
sabrás,You will know
p,p
morgan,Morgan
limpieza,cleaning
estadounidense,United States
enojada,annoyed
desafortunadamente,unfortunately
conoció,He met
pinta,Pinta
matamos,We kill
funcionan,do they work
cocinar,cook
cima,top
atractivo,attractive
preguntes,you ask
necesitaré,I will need
lleguemos,Let's get
interrumpir,interrupt
haberla,have
apropiado,appropriate
presentimiento,feeling
intentamos,We try
finales,Finals
evitarlo,Avoid it
enviaré,I will send
deporte,sport
bajando,going down
sucia,dirty
recibimos,We received
pastillas,tablets
ceremonia,ceremony
tina,tub
muelle,dock
maletas,suitcases
k,k
hijas,daughters
desconocido,a stranger
conseguiré,I will get
taylor,Taylor
refugio,shelter
imagina,imagine
franceses,French
convertirse,become
arruinado,spoiled
vomitar,vomit
pasajeros,passengers
normales,normal
disfraz,costume
continúe,Continue
arreglado,fixed up
aprende,Learn
venimos,we come
tenerte,to have you
seguirá,will follow
razonable,reasonable
puesta,put
masaje,massage
lágrimas,tears
gustaria,would like
extranjero,foreign
dejaremos,We will leave
carlos,Carlos
apellido,last name
alguacil,sheriff
tracy,tracy
temporal,temporary
rompe,Break
mayo,May
egoísta,selfish
aceite,oil
platos,dishes
miércoles,Wednesday
indios,Indians
decimos,We say
creasy,Creasy
bolsas,Bags
anuncio,advertisement
tirado,thrown
notado,Noted
mutantes,Mutants
imaginas,You imagine
habitaciones,bedrooms
grecia,Greece
entré,between
díselo,tell her
césar,cease
stanley,Stanley
holly,Holly
comprado,bought
cocaína,cocaine
amarillo,yellow
acabará,It will end
suceda,happen
mentes,minds
maldad,evil
gustará,will like
eliminar,eliminate
corbata,tie
burke,Burke
atrapados,caught up
sabíamos,We knew
merezco,I deserve
medalla,medal
lograste,You achieved
lionel,Lionel
jaula,cage
dió,gave
chofer,driver
informado,informed
fox,Fox
fatal,fatal
enfadado,angry
cubierto,covered
compañera,partner
ronda,round
regina,Regina
cobra,cobra
cantante,singer
abrazo,hug
tarjetas,cards
sentarme,sit down
refería,I referred
indica,indicates
gravedad,gravity
ganando,winning
estúpidos,stupid
elecciones,elections
collar,necklace
cincuenta,fifty
programas,programs
naturalmente,naturally
embajada,embassy
desayunar,have breakfast
dejaría,I would leave
vigila,Watch
quisieras,You would like
intereses,interests
agárrate,hold on
aéreo,aerial
traición,treason
seguiré,I will continue
salvajes,wild
prefiere,prefers
podéis,you can
noel,Noel
mueres,You die
molestar,annoy
italiano,Italian
dejarla,leave it
corazones,hearts
averiguarlo,Find out
ave,bird
arreglarlo,fix it
advierto,I warn
vendiendo,selling
pública,public
newman,Newman
monje,monk
jugamos,let's play
hablarme,Talk to me
escoger,choose
andas,you walk
ví,saw
teddy,Teddy
pico,beak
llevé,I carried
entro,I enter
tenias,You had
priorato,priory
perdemos,we lose
industria,industry
cretino,cretin
cafetería,café
cabaña,cabin
aparecer,appear
tradición,tradition
suelto,loose
publicidad,advertising
pares,peers
oídos,ears
medida,extent
japoneses,Japanese
hitler,Hitler
dieta,diet
capa,layer
vendrás,You will come
sincronizado,synchronized
neil,Neil
historial,record
guión,script
enano,dwarf
devolver,return
solitario,lonely
misiles,missiles
hall,hall
desnuda,naked
bridget,Bridget
brad,Brad
vaquero,cowboy
únicos,unique
trasera,rear
sano,healthy
piezas,parts
liga,league
gerente,manager
cindy,Cindy
caridad,charity
armados,armed
trajeron,They brought
religión,religion
jon,Jon
fotografías,Photographs
sentirse,feel
rezar,pray
protege,protects
preparen,Prepare
niñera,babysitter
naranja,orange
matarnos,kill us
jugada,move
gandalf,Gandalf
espérame,wait for me
enseñarte,teach you
cohete,rocket
tanques,Tanks
sombras,shades
moverse,move
llegara,reach
cortó,short
cierren,close
volverán,They will return
usamos,We use
sabremos,We will know
potter,Potter
maletín,briefcase
lenguaje,language
jenna,Jenna
invitación,invitation
cambian,They change
rehenes,hostages
margaret,Margaret
freddy,Freddy
encontremos,let's find
descubrí,I discovered
audiencia,audience
agenda,diary
wallace,WALLACE
sígueme,Follow me
sensible,sensitive
sammy,Sammy
reverendo,reverend
queréis,You want
dex,dex
cazar,hunt
bodas,wedding
seguiremos,will follow
rosas,ROSAS
retiro,withdrawal
primeras,first
poderosa,powerful
matthew,Matthew
deberia,ought
cantando,singing
antiguos,ancient
teme,Fear
smallville,Smallville
síganme,follow me
moviendo,moving
juventud,youth
equivocas,wrong
trabajadores,workers
seguí,I continued
salvaste,You saved
pulmones,lungs
payaso,clown
oírlo,hear it
fama,fame
engaño,deception
distrito,district
disculparme,Excuse me
davis,Davis
ciudadano,citizen
robando,stealing
equipaje,luggage
ciencias,sciences
ubicación,location
federales,federal
tratamos,We treat
ofrece,offers
of,Of
junio,June
extremadamente,extremely
actuando,acting
traducción,translation
supiste,You knew
sacarlo,remove it
preparando,preparing
mei,Mei
letras,letters
típico,typical
reserva,booking
propuesta,proposal
plataforma,platform
mago,magician
linea,line
hank,Hank
dude,hesitate
busque,I searched
tabaco,tobacco
principios,beginning
lou,Lou
dormida,asleep
costó,cost
causar,cause
temer,fear
subiendo,going up
rollo,roll
ns,ns
hechizo,spell
gusano,worm
guau,Wow
grupos,groups
discos,discs
despierte,Wake up
st,St
ocurriendo,happening
horario,schedule
expedientes,files
envié,I sent
dibujos,drawings
concurso,contest
colt,colt
autopista,highway
atacó,attacked
vendedor,seller
sigas,Follow
rebeldes,rebels
radar,Radar
madame,Madame
expresión,expression
escuchan,they listen
carla,Carla
use,Use
resultó,turned out
principe,the prince
hágalo,Do it
greg,Greg
exposición,exposure
demasiadas,too many
cuidando,taking care of
aterrizaje,landing
apetece,You want
tomaron,They took
sorprendente,amazing
responda,Answer
olvidaste,You forgot
lobos,Wolves
echado,lying
deberias,you should
cortado,chopped up
citas,quotes
abiertos,Open
zapato,shoe
preso,prisoner
lastimar,hurt
explosivos,Explosives
colegas,colleagues
telly,Telly
supieras,You knew
secretaria,Secretary
queridos,Dear
morirás,You will die
mickey,Mickey
cuero,leather
confesión,confession
círculo,circle
sabéis,You know
química,chemistry
obras,plays
llores,cry
juegas,you play
invisible,invisible
fase,phase
esconde,hide
capitan,captain
adulto,adult
vacía,empty
siéntense,Sit
pastor,Shepherd
llegada,arrival
jesse,Jesse
gatillo,trigger
debamos,we must
teléfonos,phones
saqué,I took out
regresará,return
olvidaré,I will forget
lucas,Luke
límites,boundaries
jovencita,young girl
hong,Hong
dibujo,drawing
británico,British
balboa,balboa
psiquiatra,psychiatrist
objetos,objects
negociar,negotiate
hill,HILL
formar,to form
fiel,faithful
diosa,goddess
descubrió,discovered
ala,to the
abril,April
saldré,I will go out
mías,mine
disfruta,enjoy
atender,attend
tomaremos,We will take
samantha,Samantha
rosie,Rosie
oreja,ear
necesitaremos,we will need
motores,engines
intenciones,intentions
hannah,Hannah
cumplido,compliment
brindis,toast
villa,town
trono,throne
traen,They bring
thunderbird,Thunderbird
sentados,sitting
samurai,samurai
salía,It came out
raras,Rare
producción,production
medias,socks
lavar,wash
jazz,jazz
extraordinario,extraordinary
causado,caused
angie,Angie
serpientes,Snakes
revisa,check out
quedate,stay
nervios,nerves
estable,stable
cerdos,pigs
riesgos,Risks
pasaste,You passed
michelle,Michelle
madres,Mothers
instinto,instinct
episodio,episode
empezaron,They started
aniversario,anniversary
angela,Angela
anderson,Anderson
viera,Viera
viajes,trips
trabajé,I worked
rango,range
preocupación,worry
métete,Get
imaginé,I imagined
hayamos,we have
fenómeno,freak
dolores,Dolores
demanda,demand
damien,Damien
creó,believe
asegurar,ensure
pesadillas,nightmares
niega,denies
molestia,inconvenience
kirk,Kirk
extremo,extreme
debilidad,weakness
compasión,compassion
camiones,trucks
aproximadamente,approximately
afecta,it affects
administración,administration
reconocimiento,recognition
recientemente,recently
practicar,practice
pierdas,you lose
pandilla,gang
miss,Miss
mates,math
disparando,shooting up
británicos,British
ayudarlos,Help them
abby,Abby
sueldo,salary
siguió,He continued
significado,meaning
miente,lies
medidas,measures
guitarra,guitar
custodia,custody
boletos,tickets
ayudado,helped
sydney,Sydney
sentarte,sit
risa,laughter
quemar,burn
prometió,promised
observando,observing
lectura,reading
jódete,Get in
considerado,considered
cometer,commit
cambié,I changed
asientos,seating
wong,Wong
shock,shock
satisfecho,satisfied
saludable,healthy
lanzar,launch
ken,Ken
hoja,sheet
conozca,Know
concepto,concept
colgar,hang
apunta,points
renta,rent
prefieres,You prefer
pediré,I will ask
mediodía,noon
influencia,influence
hacernos,make us
figura,figure
ensayo,rehearsal
coordenadas,coordinates
casó,case
bart,Bart
albert,Albert
político,political
países,countries
once,eleven
matarlos,kill them
karl,Karl
graduación,graduation
frase,phrase
eterna,Eternal
estarlo,be
descuida,don't worry
toalla,towel
próximos,next
monedas,coins
mirad,Behold
miraba,I looked
jesus,Jesus
griegos,Greeks
famosa,famous
corredor,runner
atravesar,cross
aguas,Waters
modales,manners
guerras,Wars
eternidad,eternity
conocerla,know her
charlotte,Charlotte
busquen,Search
buck,Buck
acuerda,Agree
sentirme,feel
ralph,Ralph
quema,Burning
poema,poem
ordenó,ordered
espiritual,spiritual
costumbre,habit
comencé,I started
cabra,goat
alquiler,rent
williams,Williams
vencido,defeated
vela,candle
trataré,I will treat
sospechosos,suspicious
quinto,fifth
pilotos,pilots
philip,Philip
perdieron,They lost
norman,Norman
josé,José
generación,generation
formación,training
estructura,structure
concéntrate,Concentrate
complejo,complex
voces,voices
virginia,Virginia
tragos,drinks
temor,fear
república,republic
recursos,resources
presentación,presentation
pirámide,pyramid
oficialmente,officially
maquillaje,make-up
guardaespaldas,bodyguard
escucharme,listen to me
dejara,will leave
contiene,contains
bendición,blessing
vuestros,your
semejante,similar
pague,Pay
molestes,bounted
cultura,culture
comió,ate
antecedentes,background
tendríamos,We would have
representante,representative
prestado,borrowed
posesión,possession
oir,hear
nubes,clouds
meterte,get into
guantes,gloves
esperabas,You expected
enseña,Teach
encontrarme,Find me
consejos,tips
regreses,you return
preocupen,worry
pistolas,pistols
Jennifer,Jennifer
gane,I win
Dana,Dana
sos,SOS
niveles,levels
Lane,Lane
ganaste,Won
considerando,considering
capital,capital
cambie,change
ánimo,cheer up
utilizar,use
lograrlo,achieve it
llévate,Take yourself
gafas,glasses
espíritus,Spirits
do,do
Watson,Watson
ruby,Ruby
preguntaste,Asked
pagará,pay to
maíz,corn
ho,Ho
estacionamiento,parking lot
contactos,Contacts
aguja,needle
Turner,Turner
trenes,trains
soporto,stood
sacaré,I will take out
oido,ear
fortaleza,strength
Donald,Donald
corea,Korea
conversar,discuss
computadoras,computers
cálmese,calm down
volante,steering wheel
sucederá,It will happen
Jessica,Jessica
decías,You said
data,data
cuente,Count
civilización,civilization
cabrones,bastards
arruinar,spoil
vampiro,vampire
tocó,touched
regresé,I am back
pases,passes
Mitch,MITCH
Megan,Megan
Logan,Logan
fantástica,Fantastic
facil,easy
estabamos,We were
diera,give
detenga,stop
violación,rape
pam,PAM
hemorragia,hemorrhage
fianza,bail
docena,dozen
centavo,penny
célula,cell
carreras,careers
callado,reserved
rodilla,knee
prometes,You promise
profundamente,deeply
posiciones,positions
hicieras,You did
furioso,furious
desperté,I woke up
comes,you eat
ciega,blind
cicatriz,scar
bebidas,drinks
acércate,approach
tiró,shot
policial,Police
pasear,sightseeing
masa,mass
llegues,You arrive
global,global
escapado,I escaped
dinos,tell us
cuarta,quarter
bienes,estate
aparato,apparatus
steven,Steven
sostén,support
realizar,carry out
permitiré,I will allow
orgullosos,proud
corten,Cut
comisión,commission
vidrio,glass
presa,prey
ocupados,occupied
morfina,morphine
habrían,They would have
columna,column
sacaron,They took out
patas,paws
oírme,Hear me
ocultar,disguise
objeción,objection
myers,Myers
maneja,handle
largas,long
generalmente,generally
fuentes,sources
cubrir,cover
ataca,attack
tenis,tennis
santos,Saints
potencial,potential
plano,flat
murphy,Murphy
levante,I raised
escala,scale
enfrentar,deal
cuánta,How much
sobra,surplus
rumor,rumor
páginas,pages
órganos,organs
león,lion
entras,You enter
decían,they were saying
chinos,Chinese
brujas,Bruges
barbara,Barbara
admiro,I admire
voto,vote
volvieron,They returned
suelte,release
reto,challenge
metes,put
infarto,heart attack
cuyo,whose
construyó,built
boleto,ticket
besar,kiss
portal,portal
ponemos,We put
monte,mountain
discusión,discussion
digno,worthy
desean,They want
darse,give
considerar,consider
bancos,banks
poción,potion
perdóneme,excuse me
pensabas,You thought
mónica,Monica
generoso,generous
estatua,statue
convencer,convince
conocida,known
comenzamos,We start
aceptado,accepted
woody,Woody
rob,Rob
paige,Paige
importar,matter
gabrielle,Gabrielle
fracaso,failure
ciertos,some
bomberos,firefighters
zé,Zé
sorprendido,surprised
protegido,protected
presenta,presents
metí,I put
entenderlo,Understand it
detengan,stop
conflicto,conflict
códigos,Codes
seco,dry
sabiendo,knowing
hacerla,do
green,green
graves,Serious
dejarás,You will leave
convencido,convinced
comprende,understands
bromas,jokes
yeah,Yeah
oyen,They hear
moleste,Mother
mencionar,mention
gastos,bills
estaríamos,we would be
esperaremos,we will wait
encontrarán,They will find
billetes,Tickets
arco,bow
altos,High
actores,actors
talvez,maybe
sitios,sites
saluda,greets
quejas,Complaints
planeando,planning
moriremos,we will die
marica,sissy
habrías,You would have
estarían,They would be
dejarán,They will leave
castle,Castle
amantes,lovers
acostumbrado,used to
Tyler,Tyler
torneo,tournament
planos,blueprints
ordeno,I order
morris,Morris
miré,Look
maldicion,curse
kg,kg
dirías,You would say
confirmado,confirmed
vacas,cows
quirófano,operating room
ponerlo,put it
origen,origin
fusión,fusion
deberá,must
verdaderos,True
serían,would
seguía,It continued
sabrán,will know
pasaje,passage
necesidades,needs